statsDataId,title,updated_date,survey_date,matched_search_word,title_score,class_names,sample_json,status
0003268527,45 都道府県別  児童数別  学校数（設置者別）,2019-10-28,201701-201712,学校基本調査 都道府県別 小学校 学校数 児童数,4,表章項目 / 児童数別 / 設置者別-本校･分校別 / 都道府県別 / 時間軸（年次）,data/candidate_samples/0003268527.json,ok
0003179822,45 都道府県別  児童数別  学校数（設置者別）,2019-10-28,201601-201612,学校基本調査 都道府県別 小学校 学校数 児童数,4,表章項目 / 児童数別 / 設置者別-本校･分校別 / 都道府県別 / 時間軸（年次）,data/candidate_samples/0003179822.json,ok
0003180503,72 都道府県別  生徒数別  学校数（設置者別）,2019-10-28,201601-201612,学校基本調査 都道府県別 高等学校 学校数 生徒数,4,表章項目 / 生徒数別 / 設置者別-本校･分校別 / 都道府県別 / 時間軸（年次）,data/candidate_samples/0003180503.json,ok
0003175080,99 都道府県別  児童生徒数別  学校数（設置者別）,2019-10-28,201601-201612,学校基本調査 都道府県別 高等学校 学校数 生徒数,4,表章項目 / 児童数別 / 設置者別-本校･分校別 / 都道府県別 / 時間軸（年次）,data/candidate_samples/0003175080.json,ok
0003182804,167 前期課程の都道府県別生徒数別学校数（設置者別）,2019-10-28,201601-201612,学校基本調査 都道府県別 高等学校 学校数 生徒数,4,表章項目 / 生徒数別 / 設置者別-本校･分校別 / 都道府県別 / 時間軸（年次）,data/candidate_samples/0003182804.json,ok
0003141633,42 都道府県別  児童数別  学校数（設置者別）,2019-10-28,201501-201512,学校基本調査 都道府県別 小学校 学校数 児童数,4,表章項目 / 児童数別 / 設置者別-本校･分校別 / 都道府県別 / 時間軸（年次）,data/candidate_samples/0003141633.json,ok
0003141996,69 都道府県別  生徒数別  学校数（設置者別）,2019-10-28,201501-201512,学校基本調査 都道府県別 高等学校 学校数 生徒数,4,表章項目 / 生徒数別 / 設置者別-本校･分校別 / 都道府県別 / 時間軸（年次）,data/candidate_samples/0003141996.json,ok
0003142634,138 前期課程の都道府県別生徒数別学校数（設置者別）,2019-10-28,201501-201512,学校基本調査 都道府県別 高等学校 学校数 生徒数,4,表章項目 / 生徒数別 / 設置者別-本校･分校別 / 都道府県別 / 時間軸（年次）,data/candidate_samples/0003142634.json,ok
0003103435,24 都道府県別  児童数別  学校数（設置者別）,2019-10-28,201401-201412,学校基本調査 都道府県別 小学校 学校数 児童数,4,表章項目 / 児童数別 / 設置者別-本校･分校別 / 都道府県別 / 時間軸（年次）,data/candidate_samples/0003103435.json,ok
0003103893,51 都道府県別  生徒数別  学校数（設置者別）,2019-10-28,201401-201412,学校基本調査 都道府県別 高等学校 学校数 生徒数,4,表章項目 / 生徒数別 / 設置者別-本校･分校別 / 都道府県別 / 時間軸（年次）,data/candidate_samples/0003103893.json,ok
0003104754,120 前期課程の都道府県別生徒数別学校数（設置者別）,2019-10-28,201401-201412,学校基本調査 都道府県別 高等学校 学校数 生徒数,4,表章項目 / 生徒数別 / 設置者別-本校･分校別 / 都道府県別 / 時間軸（年次）,data/candidate_samples/0003104754.json,ok
0003061542,4 都道府県別  児童数別  学校数（設置者別）,2019-10-28,200704-200803,学校基本調査 都道府県別 小学校 学校数 児童数,4,表章項目 / 児童数別 / 設置者別-本校･分校別 / 時間軸（年次）,data/candidate_samples/0003061542.json,ok
0003046096,31 都道府県別  生徒数別  学校数（設置者別）,2019-10-28,200704-200803,学校基本調査 都道府県別 高等学校 学校数 生徒数,4,表章項目 / 児童数別 / 設置者別-本校･分校別 / 時間軸（年次）,data/candidate_samples/0003046096.json,ok
0003046816,100 前期課程の都道府県別生徒数別学校数（設置者別）,2019-10-28,200704-200803,学校基本調査 都道府県別 高等学校 学校数 生徒数,4,表章項目 / 生徒数別 / 設置者別-本校･分校別 / 時間軸（年次）,data/candidate_samples/0003046816.json,ok
0003061511,4 都道府県別  児童数別  学校数（設置者別）,2019-10-28,200604-200703,学校基本調査 都道府県別 小学校 学校数 児童数,4,表章項目 / 児童数別 / 設置者別-本校･分校別 / 都道府県別 / 時間軸（年次）,data/candidate_samples/0003061511.json,ok
0003059826,31 都道府県別  生徒数別  学校数（設置者別）,2019-10-28,200604-200703,学校基本調査 都道府県別 高等学校 学校数 生徒数,4,表章項目 / 児童数別 / 設置者別-本校･分校別 / 都道府県別 / 時間軸（年次）,data/candidate_samples/0003059826.json,ok
0003061464,100 前期課程の都道府県別生徒数別学校数（設置者別）,2019-10-28,200604-200703,学校基本調査 都道府県別 高等学校 学校数 生徒数,4,表章項目 / 生徒数別 / 設置者別-本校･分校別 / 都道府県別 / 時間軸（年次）,data/candidate_samples/0003061464.json,ok
0003065478,都道府県別  児童数別  学校数（設置者別）,2019-10-28,0,学校基本調査 都道府県別 小学校 学校数 児童数,4,表章項目 / 児童数別 / 設置者別-本校･分校別 / 都道府県別 / 時間軸（年次）,data/candidate_samples/0003065478.json,ok
0003065519,都道府県別  生徒数別  学校数（設置者別）,2019-10-28,0,学校基本調査 都道府県別 高等学校 学校数 生徒数,4,表章項目 / 生徒数別 / 設置者別-本校･分校別 / 都道府県別 / 時間軸（年次）,data/candidate_samples/0003065519.json,ok
0003065697,前期課程の都道府県別生徒数別学校数（設置者別）,2019-10-28,0,学校基本調査 都道府県別 高等学校 学校数 生徒数,4,表章項目 / 生徒数別 / 設置者別-本校･分校別 / 都道府県別 / 時間軸（年次）,data/candidate_samples/0003065697.json,ok
0003017552,23 都道府県別児童数別学校数（学校別）（設置者別）,2011-03-22,0,学校基本調査 都道府県別 小学校 学校数 児童数,4,人数別学校区分1 / 設置者別学校区分2 / 学校区分2,data/candidate_samples/0003017552.json,ok
0003020758,23 都道府県別児童数別学校数（学校別）（設置者別）,2011-03-22,0,学校基本調査 都道府県別 小学校 学校数 児童数,4,人数別学校区分1 / 設置者別学校区分2 / 学校区分2,data/candidate_samples/0003020758.json,ok
0003017976,50 都道府県別生徒数別学校数（学校別）（設置者別）,2011-03-22,0,学校基本調査 都道府県別 高等学校 学校数 生徒数,4,学校区分2 / 人数別学校区分1 / 設置者別学校区分2,data/candidate_samples/0003017976.json,ok
0003020985,50 都道府県別生徒数別学校数（学校別）（設置者別）,2011-03-22,0,学校基本調査 都道府県別 高等学校 学校数 生徒数,4,学校区分2 / 人数別学校区分1 / 設置者別学校区分2,data/candidate_samples/0003020985.json,ok
0003018747,119 前期課程の都道府県別生徒数別学校数（学校別）（設置者別）,2011-03-22,0,学校基本調査 都道府県別 高等学校 学校数 生徒数,4,人数別学校区分1 / 設置者別学校区分2,data/candidate_samples/0003018747.json,ok
0003020885,119 前期課程の都道府県別生徒数別学校数（学校別）（設置者別）,2011-03-22,0,学校基本調査 都道府県別 高等学校 学校数 生徒数,4,人数別学校区分1 / 設置者別学校区分2,data/candidate_samples/0003020885.json,ok
0003017264,23 都道府県別児童数別学校数 計 国立・公立・私立,2023-10-25,0,学校基本調査 都道府県別 高等学校 学校数 生徒数,3,設置者別 / 児童・生徒数,data/candidate_samples/0003017264.json,ok
0003017268,50 都道府県別生徒数別学校数 計 国立・公立・私立,2023-10-25,0,学校基本調査 都道府県別 高等学校 学校数 生徒数,3,設置者別 / 児童・生徒数,data/candidate_samples/0003017268.json,ok
0003017840,119 前期課程の都道府県別生徒数別学校数 国立・公立・私立,2023-10-25,0,学校基本調査 都道府県別 高等学校 学校数 生徒数,3,設置者別 / 児童・生徒数,data/candidate_samples/0003017840.json,ok
0003182805,167 前期課程の都道府県別生徒数別学校数（うち公立　都道府県別）,2023-10-25,201601-201612,学校基本調査 都道府県別 高等学校 学校数 生徒数,3,表章項目 / 設置者別 / 生徒数別 / 都道府県別 / 時間軸（年次）,data/candidate_samples/0003182805.json,ok
0003142615,138 前期課程の都道府県別生徒数別学校数（うち公立　都道府県別）,2023-10-25,201501-201512,学校基本調査 都道府県別 高等学校 学校数 生徒数,3,表章項目 / 設置者別 / 生徒数別 / 都道府県別 / 時間軸（年次）,data/candidate_samples/0003142615.json,ok
0003104790,120 前期課程の都道府県別生徒数別学校数（うち公立　都道府県別）,2023-10-25,201401-201412,学校基本調査 都道府県別 高等学校 学校数 生徒数,3,表章項目 / 設置者別 / 生徒数別 / 都道府県別 / 時間軸（年次）,data/candidate_samples/0003104790.json,ok
0003046817,100 前期課程の都道府県別生徒数別学校数（うち公立　都道府県別）,2023-10-25,200704-200803,学校基本調査 都道府県別 高等学校 学校数 生徒数,3,表章項目 / 設置者別 / 生徒数別 / 都道府県別 / 時間軸（年次）,data/candidate_samples/0003046817.json,ok
0003061465,100 前期課程の都道府県別生徒数別学校数（うち公立　都道府県別）,2023-10-25,200604-200703,学校基本調査 都道府県別 高等学校 学校数 生徒数,3,表章項目 / 設置者別 / 生徒数別 / 都道府県別 / 時間軸（年次）,data/candidate_samples/0003061465.json,ok
0003065698,前期課程の都道府県別生徒数別学校数（うち公立　都道府県別）,2023-10-25,0,学校基本調査 都道府県別 高等学校 学校数 生徒数,3,表章項目 / 設置者別 / 生徒数別 / 都道府県別 / 時間軸（年次）,data/candidate_samples/0003065698.json,ok
0003035391,22 都道府県別児童数別学校数,2023-10-25,0,学校基本調査 都道府県別 小学校 学校数 児童数,3,表章項目 / 人数別学校区分1 / 設置者別 / 本・分校区分 / 都道府県別,data/candidate_samples/0003035391.json,ok
0003015720,56 都道府県別　学校数及び学生数 学生数,2023-10-25,0,学校基本調査 都道府県別 高等専門学校 学校数 学生数,3,性別 / 設置者別 / 学部・科別 / 都道府県別a,data/candidate_samples/0003015720.json,ok
0003015662,56 都道府県別　学校数及び学生数 学校数,2023-10-25,0,学校基本調査 都道府県別 高等専門学校 学校数 学生数,3,設置者別 / 都道府県別a,data/candidate_samples/0003015662.json,ok
0003011819,7 都道府県別　学校数及び学生数 学生数 都道府県別,2023-10-25,0,学校基本調査 都道府県別 大学 学校数 学生数,3,設置者別 / 性別 / 都道府県別a,data/candidate_samples/0003011819.json,ok
0003011817,7 都道府県別　学校数及び学生数 学校数 都道府県別,2023-10-25,0,学校基本調査 都道府県別 大学 学校数 学生数,3,設置者別 / 都道府県別a,data/candidate_samples/0003011817.json,ok
0003013752,40 都道府県別　学校数及び学生数 学校数 都道府県別,2023-10-25,0,学校基本調査 都道府県別 大学 学校数 学生数,3,設置者別 / 都道府県別a,data/candidate_samples/0003013752.json,ok
0003013754,40 都道府県別　学校数及び学生数 学生数 都道府県別,2023-10-25,0,学校基本調査 都道府県別 大学 学校数 学生数,3,設置者別 / 性別 / 都道府県別a,data/candidate_samples/0003013754.json,ok
0003011818,7 都道府県別　学校数及び学生数 学校数 政令指定都市別,2023-10-25,0,学校基本調査 都道府県別 大学 学校数 学生数,3,設置者別 / 政令指定都市別1,data/candidate_samples/0003011818.json,ok
0003011820,7 都道府県別　学校数及び学生数 学生数 政令指定都市別,2023-10-25,0,学校基本調査 都道府県別 大学 学校数 学生数,3,設置者別 / 性別 / 政令指定都市別1,data/candidate_samples/0003011820.json,ok
0003013753,40 都道府県別　学校数及び学生数 学校数 再掲,2023-10-25,0,学校基本調査 都道府県別 大学 学校数 学生数,3,設置者別 / 政令指定都市別1,data/candidate_samples/0003013753.json,ok
0003013755,40 都道府県別　学校数及び学生数 学生数 再掲,2023-10-25,0,学校基本調査 都道府県別 大学 学校数 学生数,3,設置者別 / 性別 / 政令指定都市別1,data/candidate_samples/0003013755.json,ok
0003268528,45 都道府県別  児童数別  学校数（うち公立　都道府県別）,2019-10-28,201701-201712,学校基本調査 都道府県別 小学校 学校数 児童数,3,表章項目 / 児童数別 / 設置者別-本校･分校別 / 都道府県別 / 時間軸（年次）,data/candidate_samples/0003268528.json,ok
0003179823,45 都道府県別  児童数別  学校数（うち公立　都道府県別）,2019-10-28,201601-201612,学校基本調査 都道府県別 小学校 学校数 児童数,3,表章項目 / 児童数別 / 設置者別-本校･分校別 / 都道府県別 / 時間軸（年次）,data/candidate_samples/0003179823.json,ok
0003180481,72 都道府県別  生徒数別  学校数（うち公立　都道府県別）,2019-10-28,201601-201612,学校基本調査 都道府県別 高等学校 学校数 生徒数,3,表章項目 / 生徒数別 / 設置者別-本校･分校別 / 都道府県別 / 時間軸（年次）,data/candidate_samples/0003180481.json,ok
0003175100,99 都道府県別  児童生徒数別  学校数（うち公立　都道府県別）,2019-10-28,201601-201612,学校基本調査 都道府県別 高等学校 学校数 生徒数,3,表章項目 / 児童数別 / 設置者別-本校･分校別 / 都道府県別 / 時間軸（年次）,data/candidate_samples/0003175100.json,ok
0003141556,42 都道府県別  児童数別  学校数（うち公立　都道府県別）,2019-10-28,201501-201512,学校基本調査 都道府県別 小学校 学校数 児童数,3,表章項目 / 児童数別 / 設置者別-本校･分校別 / 都道府県別 / 時間軸（年次）,data/candidate_samples/0003141556.json,ok
0003141958,69 都道府県別  生徒数別  学校数（うち公立　都道府県別）,2019-10-28,201501-201512,学校基本調査 都道府県別 高等学校 学校数 生徒数,3,表章項目 / 生徒数別 / 設置者別-本校･分校別 / 都道府県別 / 時間軸（年次）,data/candidate_samples/0003141958.json,ok
0003103436,24 都道府県別  児童数別  学校数（うち公立　都道府県別）,2019-10-28,201401-201412,学校基本調査 都道府県別 小学校 学校数 児童数,3,表章項目 / 児童数別 / 設置者別-本校･分校別 / 都道府県別 / 時間軸（年次）,data/candidate_samples/0003103436.json,ok
0003103935,51 都道府県別  生徒数別  学校数（うち公立　都道府県別）,2019-10-28,201401-201412,学校基本調査 都道府県別 高等学校 学校数 生徒数,3,表章項目 / 生徒数別 / 設置者別-本校･分校別 / 都道府県別 / 時間軸（年次）,data/candidate_samples/0003103935.json,ok
0003061543,4 都道府県別  児童数別  学校数（うち公立　都道府県別）,2019-10-28,200704-200803,学校基本調査 都道府県別 小学校 学校数 児童数,3,表章項目 / 児童数別 / 設置者別-本校･分校別 / 都道府県別 / 時間軸（年次）,data/candidate_samples/0003061543.json,ok
0003046097,31 都道府県別  生徒数別  学校数（うち公立　都道府県別）,2019-10-28,200704-200803,学校基本調査 都道府県別 高等学校 学校数 生徒数,3,表章項目 / 児童数別 / 本校･分校-設置者別 / 都道府県別 / 時間軸（年次）,data/candidate_samples/0003046097.json,ok
0003061512,4 都道府県別  児童数別  学校数（うち公立　都道府県別）,2019-10-28,200604-200703,学校基本調査 都道府県別 小学校 学校数 児童数,3,表章項目 / 児童数別 / 設置者別-本校･分校別 / 都道府県別 / 時間軸（年次）,data/candidate_samples/0003061512.json,ok
0003059827,31 都道府県別  生徒数別  学校数（うち公立　都道府県別）,2019-10-28,200604-200703,学校基本調査 都道府県別 高等学校 学校数 生徒数,3,表章項目 / 児童数別 / 設置者別-本校･分校別 / 都道府県別 / 時間軸（年次）,data/candidate_samples/0003059827.json,ok
0003065479,都道府県別  児童数別  学校数（うち公立　都道府県別）,2019-10-28,0,学校基本調査 都道府県別 小学校 学校数 児童数,3,表章項目 / 児童数別 / 設置者別-本校･分校別 / 都道府県別 / 時間軸（年次）,data/candidate_samples/0003065479.json,ok
0003035689,都道府県別　生徒数別学校数〔うち計国公（分校）私立〕,2019-10-28,0,学校基本調査 都道府県別 高等学校 学校数 生徒数,3,表章項目 / 人数別学校区分1 / 設置者区分－本・分校区分 / 都道府県別,data/candidate_samples/0003035689.json,ok
0003065520,都道府県別  生徒数別  学校数（うち公立　都道府県別）,2019-10-28,0,学校基本調査 都道府県別 高等学校 学校数 生徒数,3,表章項目 / 生徒数別 / 設置者別-本校･分校別 / 都道府県別 / 時間軸（年次）,data/candidate_samples/0003065520.json,ok
0003206305,43 都道府県別　児童数別　学校数,2019-10-28,201601-201612,学校基本調査 都道府県別 小学校 学校数 児童数,3,表章項目 / 設置者別-本校･分校別 / 児童数別 / 都道府県別 / 時間軸（年次）,data/candidate_samples/0003206305.json,ok
0003207521,81 都道府県別　生徒数別　学校数,2019-10-28,201601-201612,学校基本調査 都道府県別 高等学校 学校数 生徒数,3,表章項目 / 設置者別-本校･分校別 / 生徒数別 / 都道府県別 / 時間軸（年次）,data/candidate_samples/0003207521.json,ok
0003209081,121 都道府県別　児童生徒数別　学校数,2019-10-28,201601-201612,学校基本調査 都道府県別 高等学校 学校数 生徒数,3,表章項目 / 設置者別-本校･分校別 / 生徒数別 / 都道府県別 / 時間軸（年次）,data/candidate_samples/0003209081.json,ok
0003210520,192 都道府県別　全日制課程のうち単位制による課程及び定時制の修業年限別の学校数、生徒数,2019-10-28,201601-201612,学校基本調査 都道府県別 高等学校 学校数 生徒数,3,表章項目 / 課程別-設置者別 / 学校数・入学状況・生徒数 / 修業年限別 / 都道府県別 / 時間軸（年次）,data/candidate_samples/0003210520.json,ok
0003195521,51 都道府県別　学校数及び学生数,2019-10-28,201601-201612,学校基本調査 都道府県別 高等専門学校 学校数 学生数,3,表章項目 / 学校数・学生数区分 / 都道府県別 / 時間軸（年次）,data/candidate_samples/0003195521.json,ok
0003191660,7 都道府県別　学校数及び学生数（都道府県別）,2019-10-28,201601-201612,学校基本調査 都道府県別 大学 学校数 学生数,3,表章項目 / 学校数・学生数区分 / 都道府県別 / 時間軸（年次）,data/candidate_samples/0003191660.json,ok
0003194741,36 都道府県別　学校数及び学生数（都道府県別）,2019-10-28,201601-201612,学校基本調査 都道府県別 大学 学校数 学生数,3,表章項目 / 学校数・学生数区分 / 都道府県別 / 時間軸（年次）,data/candidate_samples/0003194741.json,ok
0003191641,7 都道府県別　学校数及び学生数（政令指定都市別）,2019-10-28,201601-201612,学校基本調査 都道府県別 大学 学校数 学生数,3,表章項目 / 学校数・学生数区分 / 政令指定都市別 / 時間軸（年次）,data/candidate_samples/0003191641.json,ok
0003194760,36 都道府県別　学校数及び学生数（政令指定都市別）（再掲）,2019-10-28,201601-201612,学校基本調査 都道府県別 大学 学校数 学生数,3,表章項目 / 学校数・学生数区分 / 政令指定都市別 / 時間軸（年次）,data/candidate_samples/0003194760.json,ok
0003144174,43 都道府県別　児童数別　学校数,2019-10-28,201501-201512,学校基本調査 都道府県別 小学校 学校数 児童数,3,表章項目 / 設置者別-本校･分校別 / 児童数別 / 都道府県別 / 時間軸（年次）,data/candidate_samples/0003144174.json,ok
0003144413,82 都道府県別　生徒数別　学校数,2019-10-28,201501-201512,学校基本調査 都道府県別 高等学校 学校数 生徒数,3,表章項目 / 設置者別-本校･分校別 / 生徒数別 / 都道府県別 / 時間軸（年次）,data/candidate_samples/0003144413.json,ok
0003143475,51 都道府県別　学校数及び学生数,2019-10-28,201501-201512,学校基本調査 都道府県別 高等専門学校 学校数 学生数,3,表章項目 / 学校数・学生数区分 / 都道府県別 / 時間軸（年次）,data/candidate_samples/0003143475.json,ok
0003143090,7 都道府県別　学校数及び学生数（都道府県別）,2019-10-28,201501-201512,学校基本調査 都道府県別 大学 学校数 学生数,3,表章項目 / 学校数・学生数区分 / 都道府県別 / 時間軸（年次）,data/candidate_samples/0003143090.json,ok
0003143426,36 都道府県別　学校数及び学生数（都道府県別）,2019-10-28,201501-201512,学校基本調査 都道府県別 大学 学校数 学生数,3,表章項目 / 学校数・学生数区分 / 都道府県別 / 時間軸（年次）,data/candidate_samples/0003143426.json,ok
0003143119,7 都道府県別　学校数及び学生数（政令指定都市別）,2019-10-28,201501-201512,学校基本調査 都道府県別 大学 学校数 学生数,3,表章項目 / 学校数・学生数区分 / 政令指定都市別 / 時間軸（年次）,data/candidate_samples/0003143119.json,ok
0003143380,36 都道府県別　学校数及び学生数（政令指定都市別）（再掲）,2019-10-28,201501-201512,学校基本調査 都道府県別 大学 学校数 学生数,3,表章項目 / 学校数・学生数区分 / 政令指定都市別 / 時間軸（年次）,data/candidate_samples/0003143380.json,ok
0003110448,22 都道府県別　児童数別　学校数,2019-10-28,201401-201412,学校基本調査 都道府県別 小学校 学校数 児童数,3,表章項目 / 設置者別-本校･分校別 / 児童数別 / 都道府県別 / 時間軸（年次）,data/candidate_samples/0003110448.json,ok
0003111244,61 都道府県別　生徒数別　学校数,2019-10-28,201401-201412,学校基本調査 都道府県別 高等学校 学校数 生徒数,3,表章項目 / 設置者別-本校･分校別 / 生徒数別 / 都道府県別 / 時間軸（年次）,data/candidate_samples/0003111244.json,ok
0003106632,53 都道府県別　学校数及び学生数,2019-10-28,201401-201412,学校基本調査 都道府県別 高等専門学校 学校数 学生数,3,表章項目 / 学校数・学生数区分 / 都道府県別 / 時間軸（年次）,data/candidate_samples/0003106632.json,ok
