statsDataId,title,updated_date,survey_date,matched_search_word,title_score,pref_hit_count,area_sample,status
0003182805,167 前期課程の都道府県別生徒数別学校数（うち公立　都道府県別）,2023-10-25,201601-201612,学校基本調査 都道府県別 高等学校 学校数 生徒数,3,47,全国 / 北海道 / 青森県 / 岩手県 / 宮城県 / 秋田県 / 山形県 / 福島県 / 茨城県 / 栃木県 / 群馬県 / 埼玉県 / 千葉県 / 東京都 / 神奈川県 / 新潟県 / 富山県 / 石川県 / 福井県 / 山梨県,prefecture_area_found
0003142615,138 前期課程の都道府県別生徒数別学校数（うち公立　都道府県別）,2023-10-25,201501-201512,学校基本調査 都道府県別 高等学校 学校数 生徒数,3,47,全国 / 北海道 / 青森県 / 岩手県 / 宮城県 / 秋田県 / 山形県 / 福島県 / 茨城県 / 栃木県 / 群馬県 / 埼玉県 / 千葉県 / 東京都 / 神奈川県 / 新潟県 / 富山県 / 石川県 / 福井県 / 山梨県,prefecture_area_found
0003104790,120 前期課程の都道府県別生徒数別学校数（うち公立　都道府県別）,2023-10-25,201401-201412,学校基本調査 都道府県別 高等学校 学校数 生徒数,3,47,全国 / 北海道 / 青森県 / 岩手県 / 宮城県 / 秋田県 / 山形県 / 福島県 / 茨城県 / 栃木県 / 群馬県 / 埼玉県 / 千葉県 / 東京都 / 神奈川県 / 新潟県 / 富山県 / 石川県 / 福井県 / 山梨県,prefecture_area_found
0003046683,93 修業年限別　通信制を置く学校数、入学状況及び生徒数（本科）（うち公立　都道府県別）,2023-10-25,200704-200803,学校基本調査 都道府県別 高等学校 学校数 生徒数,3,47,全国 / 北海道 / 青森県 / 岩手県 / 宮城県 / 秋田県 / 山形県 / 福島県 / 茨城県 / 栃木県 / 群馬県 / 埼玉県 / 千葉県 / 東京都 / 神奈川県 / 新潟県 / 富山県 / 石川県 / 福井県 / 山梨県,prefecture_area_found
0003046817,100 前期課程の都道府県別生徒数別学校数（うち公立　都道府県別）,2023-10-25,200704-200803,学校基本調査 都道府県別 高等学校 学校数 生徒数,3,47,全国 / 北海道 / 青森県 / 岩手県 / 宮城県 / 秋田県 / 山形県 / 福島県 / 茨城県 / 栃木県 / 群馬県 / 埼玉県 / 千葉県 / 東京都 / 神奈川県 / 新潟県 / 富山県 / 石川県 / 福井県 / 山梨県,prefecture_area_found
0003060204,93 修業年限別　通信制を置く学校数、入学状況及び生徒数（本科）（うち公立　都道府県別）,2023-10-25,200604-200703,学校基本調査 都道府県別 高等学校 学校数 生徒数,3,47,全国 / 北海道 / 青森県 / 岩手県 / 宮城県 / 秋田県 / 山形県 / 福島県 / 茨城県 / 栃木県 / 群馬県 / 埼玉県 / 千葉県 / 東京都 / 神奈川県 / 新潟県 / 富山県 / 石川県 / 福井県 / 山梨県,prefecture_area_found
0003061465,100 前期課程の都道府県別生徒数別学校数（うち公立　都道府県別）,2023-10-25,200604-200703,学校基本調査 都道府県別 高等学校 学校数 生徒数,3,47,全国 / 北海道 / 青森県 / 岩手県 / 宮城県 / 秋田県 / 山形県 / 福島県 / 茨城県 / 栃木県 / 群馬県 / 埼玉県 / 千葉県 / 東京都 / 神奈川県 / 新潟県 / 富山県 / 石川県 / 福井県 / 山梨県,prefecture_area_found
0003065698,前期課程の都道府県別生徒数別学校数（うち公立　都道府県別）,2023-10-25,0,学校基本調査 都道府県別 高等学校 学校数 生徒数,3,47,全国 / 北海道 / 青森県 / 岩手県 / 宮城県 / 秋田県 / 山形県 / 福島県 / 茨城県 / 栃木県 / 群馬県 / 埼玉県 / 千葉県 / 東京都 / 神奈川県 / 新潟県 / 富山県 / 石川県 / 福井県 / 山梨県,prefecture_area_found
0003268528,45 都道府県別  児童数別  学校数（うち公立　都道府県別）,2019-10-28,201701-201712,学校基本調査 都道府県別 小学校 学校数 児童数,3,47,全国 / 北海道 / 青森県 / 岩手県 / 宮城県 / 秋田県 / 山形県 / 福島県 / 茨城県 / 栃木県 / 群馬県 / 埼玉県 / 千葉県 / 東京都 / 神奈川県 / 新潟県 / 富山県 / 石川県 / 福井県 / 山梨県,prefecture_area_found
0003179823,45 都道府県別  児童数別  学校数（うち公立　都道府県別）,2019-10-28,201601-201612,学校基本調査 都道府県別 小学校 学校数 児童数,3,47,全国 / 北海道 / 青森県 / 岩手県 / 宮城県 / 秋田県 / 山形県 / 福島県 / 茨城県 / 栃木県 / 群馬県 / 埼玉県 / 千葉県 / 東京都 / 神奈川県 / 新潟県 / 富山県 / 石川県 / 福井県 / 山梨県,prefecture_area_found
0003180481,72 都道府県別  生徒数別  学校数（うち公立　都道府県別）,2019-10-28,201601-201612,学校基本調査 都道府県別 高等学校 学校数 生徒数,3,47,全国 / 北海道 / 青森県 / 岩手県 / 宮城県 / 秋田県 / 山形県 / 福島県 / 茨城県 / 栃木県 / 群馬県 / 埼玉県 / 千葉県 / 東京都 / 神奈川県 / 新潟県 / 富山県 / 石川県 / 福井県 / 山梨県,prefecture_area_found
0003175100,99 都道府県別  児童生徒数別  学校数（うち公立　都道府県別）,2019-10-28,201601-201612,学校基本調査 都道府県別 高等学校 学校数 生徒数,3,47,全国 / 北海道 / 青森県 / 岩手県 / 宮城県 / 秋田県 / 山形県 / 福島県 / 茨城県 / 栃木県 / 群馬県 / 埼玉県 / 千葉県 / 東京都 / 神奈川県 / 新潟県 / 富山県 / 石川県 / 福井県 / 山梨県,prefecture_area_found
0003141556,42 都道府県別  児童数別  学校数（うち公立　都道府県別）,2019-10-28,201501-201512,学校基本調査 都道府県別 小学校 学校数 児童数,3,47,全国 / 北海道 / 青森県 / 岩手県 / 宮城県 / 秋田県 / 山形県 / 福島県 / 茨城県 / 栃木県 / 群馬県 / 埼玉県 / 千葉県 / 東京都 / 神奈川県 / 新潟県 / 富山県 / 石川県 / 福井県 / 山梨県,prefecture_area_found
0003141958,69 都道府県別  生徒数別  学校数（うち公立　都道府県別）,2019-10-28,201501-201512,学校基本調査 都道府県別 高等学校 学校数 生徒数,3,47,全国 / 北海道 / 青森県 / 岩手県 / 宮城県 / 秋田県 / 山形県 / 福島県 / 茨城県 / 栃木県 / 群馬県 / 埼玉県 / 千葉県 / 東京都 / 神奈川県 / 新潟県 / 富山県 / 石川県 / 福井県 / 山梨県,prefecture_area_found
0003103436,24 都道府県別  児童数別  学校数（うち公立　都道府県別）,2019-10-28,201401-201412,学校基本調査 都道府県別 小学校 学校数 児童数,3,47,全国 / 北海道 / 青森県 / 岩手県 / 宮城県 / 秋田県 / 山形県 / 福島県 / 茨城県 / 栃木県 / 群馬県 / 埼玉県 / 千葉県 / 東京都 / 神奈川県 / 新潟県 / 富山県 / 石川県 / 福井県 / 山梨県,prefecture_area_found
0003103935,51 都道府県別  生徒数別  学校数（うち公立　都道府県別）,2019-10-28,201401-201412,学校基本調査 都道府県別 高等学校 学校数 生徒数,3,47,全国 / 北海道 / 青森県 / 岩手県 / 宮城県 / 秋田県 / 山形県 / 福島県 / 茨城県 / 栃木県 / 群馬県 / 埼玉県 / 千葉県 / 東京都 / 神奈川県 / 新潟県 / 富山県 / 石川県 / 福井県 / 山梨県,prefecture_area_found
0003061543,4 都道府県別  児童数別  学校数（うち公立　都道府県別）,2019-10-28,200704-200803,学校基本調査 都道府県別 小学校 学校数 児童数,3,47,全国 / 北海道 / 青森県 / 岩手県 / 宮城県 / 秋田県 / 山形県 / 福島県 / 茨城県 / 栃木県 / 群馬県 / 埼玉県 / 千葉県 / 東京都 / 神奈川県 / 新潟県 / 富山県 / 石川県 / 福井県 / 山梨県,prefecture_area_found
0003046097,31 都道府県別  生徒数別  学校数（うち公立　都道府県別）,2019-10-28,200704-200803,学校基本調査 都道府県別 高等学校 学校数 生徒数,3,47,全国 / 北海道 / 青森県 / 岩手県 / 宮城県 / 秋田県 / 山形県 / 福島県 / 茨城県 / 栃木県 / 群馬県 / 埼玉県 / 千葉県 / 東京都 / 神奈川県 / 新潟県 / 富山県 / 石川県 / 福井県 / 山梨県,prefecture_area_found
0003061512,4 都道府県別  児童数別  学校数（うち公立　都道府県別）,2019-10-28,200604-200703,学校基本調査 都道府県別 小学校 学校数 児童数,3,47,全国 / 北海道 / 青森県 / 岩手県 / 宮城県 / 秋田県 / 山形県 / 福島県 / 茨城県 / 栃木県 / 群馬県 / 埼玉県 / 千葉県 / 東京都 / 神奈川県 / 新潟県 / 富山県 / 石川県 / 福井県 / 山梨県,prefecture_area_found
0003059827,31 都道府県別  生徒数別  学校数（うち公立　都道府県別）,2019-10-28,200604-200703,学校基本調査 都道府県別 高等学校 学校数 生徒数,3,47,全国 / 北海道 / 青森県 / 岩手県 / 宮城県 / 秋田県 / 山形県 / 福島県 / 茨城県 / 栃木県 / 群馬県 / 埼玉県 / 千葉県 / 東京都 / 神奈川県 / 新潟県 / 富山県 / 石川県 / 福井県 / 山梨県,prefecture_area_found
0003065479,都道府県別  児童数別  学校数（うち公立　都道府県別）,2019-10-28,0,学校基本調査 都道府県別 小学校 学校数 児童数,3,47,全国 / 北海道 / 青森県 / 岩手県 / 宮城県 / 秋田県 / 山形県 / 福島県 / 茨城県 / 栃木県 / 群馬県 / 埼玉県 / 千葉県 / 東京都 / 神奈川県 / 新潟県 / 富山県 / 石川県 / 福井県 / 山梨県,prefecture_area_found
0003035689,都道府県別　生徒数別学校数〔うち計国公（分校）私立〕,2019-10-28,0,学校基本調査 都道府県別 高等学校 学校数 生徒数,3,47,北海道 / 青森県 / 岩手県 / 宮城県 / 秋田県 / 山形県 / 福島県 / 茨城県 / 栃木県 / 群馬県 / 埼玉県 / 千葉県 / 東京都 / 神奈川県 / 新潟県 / 富山県 / 石川県 / 福井県 / 山梨県 / 長野県,prefecture_area_found
0003065520,都道府県別  生徒数別  学校数（うち公立　都道府県別）,2019-10-28,0,学校基本調査 都道府県別 高等学校 学校数 生徒数,3,47,全国 / 北海道 / 青森県 / 岩手県 / 宮城県 / 秋田県 / 山形県 / 福島県 / 茨城県 / 栃木県 / 群馬県 / 埼玉県 / 千葉県 / 東京都 / 神奈川県 / 新潟県 / 富山県 / 石川県 / 福井県 / 山梨県,prefecture_area_found
0003017553,23 都道府県別児童数別学校数（うち公立　都道府県別）,2011-03-22,0,学校基本調査 都道府県別 小学校 学校数 児童数,3,47,全国 / 北海道 / 青森県 / 岩手県 / 宮城県 / 秋田県 / 山形県 / 福島県 / 茨城県 / 栃木県 / 群馬県 / 埼玉県 / 千葉県 / 東京都 / 神奈川県 / 新潟県 / 富山県 / 石川県 / 福井県 / 山梨県,prefecture_area_found
0003020759,23 都道府県別児童数別学校数（うち公立　都道府県別）,2011-03-22,0,学校基本調査 都道府県別 小学校 学校数 児童数,3,47,全国 / 北海道 / 青森県 / 岩手県 / 宮城県 / 秋田県 / 山形県 / 福島県 / 茨城県 / 栃木県 / 群馬県 / 埼玉県 / 千葉県 / 東京都 / 神奈川県 / 新潟県 / 富山県 / 石川県 / 福井県 / 山梨県,prefecture_area_found
0003017977,50 都道府県別生徒数別学校数（うち公立　都道府県別）,2011-03-22,0,学校基本調査 都道府県別 高等学校 学校数 生徒数,3,47,全国 / 北海道 / 青森県 / 岩手県 / 宮城県 / 秋田県 / 山形県 / 福島県 / 茨城県 / 栃木県 / 群馬県 / 埼玉県 / 千葉県 / 東京都 / 神奈川県 / 新潟県 / 富山県 / 石川県 / 福井県 / 山梨県,prefecture_area_found
0003020986,50 都道府県別生徒数別学校数（うち公立　都道府県別）,2011-03-22,0,学校基本調査 都道府県別 高等学校 学校数 生徒数,3,47,全国 / 北海道 / 青森県 / 岩手県 / 宮城県 / 秋田県 / 山形県 / 福島県 / 茨城県 / 栃木県 / 群馬県 / 埼玉県 / 千葉県 / 東京都 / 神奈川県 / 新潟県 / 富山県 / 石川県 / 福井県 / 山梨県,prefecture_area_found
0003018481,112 修業年限別通信制を置く学校数、入学状況及び生徒数（本科）（うち公立　都道府県別）,2011-03-22,0,学校基本調査 都道府県別 高等学校 学校数 生徒数,3,47,北海道 / 青森県 / 岩手県 / 宮城県 / 秋田県 / 山形県 / 福島県 / 茨城県 / 栃木県 / 群馬県 / 埼玉県 / 千葉県 / 東京都 / 神奈川県 / 新潟県 / 富山県 / 石川県 / 福井県 / 山梨県 / 長野県,prefecture_area_found
0003020865,112 修業年限別通信制を置く学校数、入学状況及び生徒数（本科）（うち公立　都道府県別）,2011-03-22,0,学校基本調査 都道府県別 高等学校 学校数 生徒数,3,47,北海道 / 青森県 / 岩手県 / 宮城県 / 秋田県 / 山形県 / 福島県 / 茨城県 / 栃木県 / 群馬県 / 埼玉県 / 千葉県 / 東京都 / 神奈川県 / 新潟県 / 富山県 / 石川県 / 福井県 / 山梨県 / 長野県,prefecture_area_found
0003018748,119 前期課程の都道府県別生徒数別学校数（うち公立　都道府県別）,2011-03-22,0,学校基本調査 都道府県別 高等学校 学校数 生徒数,3,47,北海道 / 青森県 / 岩手県 / 宮城県 / 秋田県 / 山形県 / 福島県 / 茨城県 / 栃木県 / 群馬県 / 埼玉県 / 千葉県 / 東京都 / 神奈川県 / 新潟県 / 富山県 / 石川県 / 福井県 / 山梨県 / 長野県,prefecture_area_found
0003020886,119 前期課程の都道府県別生徒数別学校数（うち公立　都道府県別）,2011-03-22,0,学校基本調査 都道府県別 高等学校 学校数 生徒数,3,47,北海道 / 青森県 / 岩手県 / 宮城県 / 秋田県 / 山形県 / 福島県 / 茨城県 / 栃木県 / 群馬県 / 埼玉県 / 千葉県 / 東京都 / 神奈川県 / 新潟県 / 富山県 / 石川県 / 福井県 / 山梨県 / 長野県,prefecture_area_found
0003017265,23 都道府県別児童数別学校数 計 公立の内訳,2010-12-24,0,学校基本調査 都道府県別 高等学校 学校数 生徒数,3,47,北海道 / 青森県 / 岩手県 / 宮城県 / 秋田県 / 山形県 / 福島県 / 茨城県 / 栃木県 / 群馬県 / 埼玉県 / 千葉県 / 東京都 / 神奈川県 / 新潟県 / 富山県 / 石川県 / 福井県 / 山梨県 / 長野県,prefecture_area_found
0003017266,23 都道府県別児童数別学校数 本校（公立）,2010-12-24,0,学校基本調査 都道府県別 高等学校 学校数 生徒数,3,47,全国 / 北海道 / 青森県 / 岩手県 / 宮城県 / 秋田県 / 山形県 / 福島県 / 茨城県 / 栃木県 / 群馬県 / 埼玉県 / 千葉県 / 東京都 / 神奈川県 / 新潟県 / 富山県 / 石川県 / 福井県 / 山梨県,prefecture_area_found
0003017269,50 都道府県別生徒数別学校数 計 公立の内訳,2010-12-24,0,学校基本調査 都道府県別 高等学校 学校数 生徒数,3,47,北海道 / 青森県 / 岩手県 / 宮城県 / 秋田県 / 山形県 / 福島県 / 茨城県 / 栃木県 / 群馬県 / 埼玉県 / 千葉県 / 東京都 / 神奈川県 / 新潟県 / 富山県 / 石川県 / 福井県 / 山梨県 / 長野県,prefecture_area_found
0003017270,50 都道府県別生徒数別学校数 本校（公立）,2010-12-24,0,学校基本調査 都道府県別 高等学校 学校数 生徒数,3,47,全国 / 北海道 / 青森県 / 岩手県 / 宮城県 / 秋田県 / 山形県 / 福島県 / 茨城県 / 栃木県 / 群馬県 / 埼玉県 / 千葉県 / 東京都 / 神奈川県 / 新潟県 / 富山県 / 石川県 / 福井県 / 山梨県,prefecture_area_found
0003017841,119 前期課程の都道府県別生徒数別学校数 公立の内訳,2010-12-17,0,学校基本調査 都道府県別 高等学校 学校数 生徒数,3,47,北海道 / 青森県 / 岩手県 / 宮城県 / 秋田県 / 山形県 / 福島県 / 茨城県 / 栃木県 / 群馬県 / 埼玉県 / 千葉県 / 東京都 / 神奈川県 / 新潟県 / 富山県 / 石川県 / 福井県 / 山梨県 / 長野県,prefecture_area_found
0003182622,160 修業年限別　通信制を置く学校数、入学状況及び生徒数（本科）（都道府県別）,2023-10-25,201601-201612,学校基本調査 都道府県別 高等学校 学校数 生徒数,3,47,全国 / 北海道 / 青森県 / 岩手県 / 宮城県 / 秋田県 / 山形県 / 福島県 / 茨城県 / 栃木県 / 群馬県 / 埼玉県 / 千葉県 / 東京都 / 神奈川県 / 新潟県 / 富山県 / 石川県 / 福井県 / 山梨県,prefecture_area_found
0003142512,131 修業年限別　通信制を置く学校数、入学状況及び生徒数（本科）（都道府県別）,2023-10-25,201501-201512,学校基本調査 都道府県別 高等学校 学校数 生徒数,3,47,全国 / 北海道 / 青森県 / 岩手県 / 宮城県 / 秋田県 / 山形県 / 福島県 / 茨城県 / 栃木県 / 群馬県 / 埼玉県 / 千葉県 / 東京都 / 神奈川県 / 新潟県 / 富山県 / 石川県 / 福井県 / 山梨県,prefecture_area_found
0003104584,113 修業年限別　通信制を置く学校数、入学状況及び生徒数（本科）（都道府県別）,2023-10-25,201401-201412,学校基本調査 都道府県別 高等学校 学校数 生徒数,3,47,全国 / 北海道 / 青森県 / 岩手県 / 宮城県 / 秋田県 / 山形県 / 福島県 / 茨城県 / 栃木県 / 群馬県 / 埼玉県 / 千葉県 / 東京都 / 神奈川県 / 新潟県 / 富山県 / 石川県 / 福井県 / 山梨県,prefecture_area_found
0003035391,22 都道府県別児童数別学校数,2023-10-25,0,学校基本調査 都道府県別 小学校 学校数 児童数,3,47,北海道 / 青森県 / 岩手県 / 宮城県 / 秋田県 / 山形県 / 福島県 / 茨城県 / 栃木県 / 群馬県 / 埼玉県 / 千葉県 / 東京都 / 神奈川県 / 新潟県 / 富山県 / 石川県 / 福井県 / 山梨県 / 長野県,prefecture_area_found
0003071508,修業年限別　通信制を置く学校数、入学状況及び生徒数（本科）（都道府県別）,2023-10-25,0,学校基本調査 都道府県別 高等学校 学校数 生徒数,3,47,全国 / 北海道 / 青森県 / 岩手県 / 宮城県 / 秋田県 / 山形県 / 福島県 / 茨城県 / 栃木県 / 群馬県 / 埼玉県 / 千葉県 / 東京都 / 神奈川県 / 新潟県 / 富山県 / 石川県 / 福井県 / 山梨県,prefecture_area_found
0003015720,56 都道府県別　学校数及び学生数 学生数,2023-10-25,0,学校基本調査 都道府県別 高等専門学校 学校数 学生数,3,47,全国 / 北海道 / 青森県 / 岩手県 / 宮城県 / 秋田県 / 山形県 / 福島県 / 茨城県 / 栃木県 / 群馬県 / 埼玉県 / 千葉県 / 東京都 / 神奈川県 / 新潟県 / 富山県 / 石川県 / 福井県 / 山梨県,prefecture_area_found
0003015662,56 都道府県別　学校数及び学生数 学校数,2023-10-25,0,学校基本調査 都道府県別 高等専門学校 学校数 学生数,3,47,全国 / 北海道 / 青森県 / 岩手県 / 宮城県 / 秋田県 / 山形県 / 福島県 / 茨城県 / 栃木県 / 群馬県 / 埼玉県 / 千葉県 / 東京都 / 神奈川県 / 新潟県 / 富山県 / 石川県 / 福井県 / 山梨県,prefecture_area_found
0003011819,7 都道府県別　学校数及び学生数 学生数 都道府県別,2023-10-25,0,学校基本調査 都道府県別 大学 学校数 学生数,3,47,全国 / 北海道 / 青森県 / 岩手県 / 宮城県 / 秋田県 / 山形県 / 福島県 / 茨城県 / 栃木県 / 群馬県 / 埼玉県 / 千葉県 / 東京都 / 神奈川県 / 新潟県 / 富山県 / 石川県 / 福井県 / 山梨県,prefecture_area_found
0003011817,7 都道府県別　学校数及び学生数 学校数 都道府県別,2023-10-25,0,学校基本調査 都道府県別 大学 学校数 学生数,3,47,全国 / 北海道 / 青森県 / 岩手県 / 宮城県 / 秋田県 / 山形県 / 福島県 / 茨城県 / 栃木県 / 群馬県 / 埼玉県 / 千葉県 / 東京都 / 神奈川県 / 新潟県 / 富山県 / 石川県 / 福井県 / 山梨県,prefecture_area_found
0003013752,40 都道府県別　学校数及び学生数 学校数 都道府県別,2023-10-25,0,学校基本調査 都道府県別 大学 学校数 学生数,3,47,全国 / 北海道 / 青森県 / 岩手県 / 宮城県 / 秋田県 / 山形県 / 福島県 / 茨城県 / 栃木県 / 群馬県 / 埼玉県 / 千葉県 / 東京都 / 神奈川県 / 新潟県 / 富山県 / 石川県 / 福井県 / 山梨県,prefecture_area_found
0003013754,40 都道府県別　学校数及び学生数 学生数 都道府県別,2023-10-25,0,学校基本調査 都道府県別 大学 学校数 学生数,3,47,全国 / 北海道 / 青森県 / 岩手県 / 宮城県 / 秋田県 / 山形県 / 福島県 / 茨城県 / 栃木県 / 群馬県 / 埼玉県 / 千葉県 / 東京都 / 神奈川県 / 新潟県 / 富山県 / 石川県 / 福井県 / 山梨県,prefecture_area_found
0003206305,43 都道府県別　児童数別　学校数,2019-10-28,201601-201612,学校基本調査 都道府県別 小学校 学校数 児童数,3,47,北海道 / 青森県 / 岩手県 / 宮城県 / 秋田県 / 山形県 / 福島県 / 茨城県 / 栃木県 / 群馬県 / 埼玉県 / 千葉県 / 東京都 / 神奈川県 / 新潟県 / 富山県 / 石川県 / 福井県 / 山梨県 / 長野県,prefecture_area_found
0003207521,81 都道府県別　生徒数別　学校数,2019-10-28,201601-201612,学校基本調査 都道府県別 高等学校 学校数 生徒数,3,47,北海道 / 青森県 / 岩手県 / 宮城県 / 秋田県 / 山形県 / 福島県 / 茨城県 / 栃木県 / 群馬県 / 埼玉県 / 千葉県 / 東京都 / 神奈川県 / 新潟県 / 富山県 / 石川県 / 福井県 / 山梨県 / 長野県,prefecture_area_found
0003209442,157 都道府県別　全日制のうち単位制による課程及び定時制の修業年限別の学校数、入学状況及び生徒数（全日制）,2019-10-28,201601-201612,学校基本調査 都道府県別 高等学校 学校数 生徒数,3,47,全国 / 北海道 / 青森県 / 岩手県 / 宮城県 / 秋田県 / 山形県 / 福島県 / 茨城県 / 栃木県 / 群馬県 / 埼玉県 / 千葉県 / 東京都 / 神奈川県 / 新潟県 / 富山県 / 石川県 / 福井県 / 山梨県,prefecture_area_found
0003209481,157 都道府県別　全日制のうち単位制による課程及び定時制の修業年限別の学校数、入学状況及び生徒数（定時制）,2019-10-28,201601-201612,学校基本調査 都道府県別 高等学校 学校数 生徒数,3,47,全国 / 北海道 / 青森県 / 岩手県 / 宮城県 / 秋田県 / 山形県 / 福島県 / 茨城県 / 栃木県 / 群馬県 / 埼玉県 / 千葉県 / 東京都 / 神奈川県 / 新潟県 / 富山県 / 石川県 / 福井県 / 山梨県,prefecture_area_found
0003209081,121 都道府県別　児童生徒数別　学校数,2019-10-28,201601-201612,学校基本調査 都道府県別 高等学校 学校数 生徒数,3,47,北海道 / 青森県 / 岩手県 / 宮城県 / 秋田県 / 山形県 / 福島県 / 茨城県 / 栃木県 / 群馬県 / 埼玉県 / 千葉県 / 東京都 / 神奈川県 / 新潟県 / 富山県 / 石川県 / 福井県 / 山梨県 / 長野県,prefecture_area_found
0003210520,192 都道府県別　全日制課程のうち単位制による課程及び定時制の修業年限別の学校数、生徒数,2019-10-28,201601-201612,学校基本調査 都道府県別 高等学校 学校数 生徒数,3,47,全国 / 北海道 / 青森県 / 岩手県 / 宮城県 / 秋田県 / 山形県 / 福島県 / 茨城県 / 栃木県 / 群馬県 / 埼玉県 / 千葉県 / 東京都 / 神奈川県 / 新潟県 / 富山県 / 石川県 / 福井県 / 山梨県,prefecture_area_found
0003195521,51 都道府県別　学校数及び学生数,2019-10-28,201601-201612,学校基本調査 都道府県別 高等専門学校 学校数 学生数,3,47,全国 / 北海道 / 青森県 / 岩手県 / 宮城県 / 秋田県 / 山形県 / 福島県 / 茨城県 / 栃木県 / 群馬県 / 埼玉県 / 千葉県 / 東京都 / 神奈川県 / 新潟県 / 富山県 / 石川県 / 福井県 / 山梨県,prefecture_area_found
0003191660,7 都道府県別　学校数及び学生数（都道府県別）,2019-10-28,201601-201612,学校基本調査 都道府県別 大学 学校数 学生数,3,47,全国 / 北海道 / 青森県 / 岩手県 / 宮城県 / 秋田県 / 山形県 / 福島県 / 茨城県 / 栃木県 / 群馬県 / 埼玉県 / 千葉県 / 東京都 / 神奈川県 / 新潟県 / 富山県 / 石川県 / 福井県 / 山梨県,prefecture_area_found
0003194741,36 都道府県別　学校数及び学生数（都道府県別）,2019-10-28,201601-201612,学校基本調査 都道府県別 大学 学校数 学生数,3,47,全国 / 北海道 / 青森県 / 岩手県 / 宮城県 / 秋田県 / 山形県 / 福島県 / 茨城県 / 栃木県 / 群馬県 / 埼玉県 / 千葉県 / 東京都 / 神奈川県 / 新潟県 / 富山県 / 石川県 / 福井県 / 山梨県,prefecture_area_found
0003144174,43 都道府県別　児童数別　学校数,2019-10-28,201501-201512,学校基本調査 都道府県別 小学校 学校数 児童数,3,47,北海道 / 青森県 / 岩手県 / 宮城県 / 秋田県 / 山形県 / 福島県 / 茨城県 / 栃木県 / 群馬県 / 埼玉県 / 千葉県 / 東京都 / 神奈川県 / 新潟県 / 富山県 / 石川県 / 福井県 / 山梨県 / 長野県,prefecture_area_found
0003144413,82 都道府県別　生徒数別　学校数,2019-10-28,201501-201512,学校基本調査 都道府県別 高等学校 学校数 生徒数,3,47,北海道 / 青森県 / 岩手県 / 宮城県 / 秋田県 / 山形県 / 福島県 / 茨城県 / 栃木県 / 群馬県 / 埼玉県 / 千葉県 / 東京都 / 神奈川県 / 新潟県 / 富山県 / 石川県 / 福井県 / 山梨県 / 長野県,prefecture_area_found
0003144682,119 都道府県別　全日制のうち単位制による課程及び定時制の修業年限別の学校数、入学状況及び生徒数（全日制）,2019-10-28,201501-201512,学校基本調査 都道府県別 高等学校 学校数 生徒数,3,47,全国 / 北海道 / 青森県 / 岩手県 / 宮城県 / 秋田県 / 山形県 / 福島県 / 茨城県 / 栃木県 / 群馬県 / 埼玉県 / 千葉県 / 東京都 / 神奈川県 / 新潟県 / 富山県 / 石川県 / 福井県 / 山梨県,prefecture_area_found
0003144718,119 都道府県別　全日制のうち単位制による課程及び定時制の修業年限別の学校数、入学状況及び生徒数（定時制）,2019-10-28,201501-201512,学校基本調査 都道府県別 高等学校 学校数 生徒数,3,47,全国 / 北海道 / 青森県 / 岩手県 / 宮城県 / 秋田県 / 山形県 / 福島県 / 茨城県 / 栃木県 / 群馬県 / 埼玉県 / 千葉県 / 東京都 / 神奈川県 / 新潟県 / 富山県 / 石川県 / 福井県 / 山梨県,prefecture_area_found
0003144790,154 都道府県別　全日制課程のうち単位制による課程及び定時制の修業年限別の学校数、入学状況及び生徒数,2019-10-28,201501-201512,学校基本調査 都道府県別 高等学校 学校数 生徒数,3,47,全国 / 北海道 / 青森県 / 岩手県 / 宮城県 / 秋田県 / 山形県 / 福島県 / 茨城県 / 栃木県 / 群馬県 / 埼玉県 / 千葉県 / 東京都 / 神奈川県 / 新潟県 / 富山県 / 石川県 / 福井県 / 山梨県,prefecture_area_found
0003143475,51 都道府県別　学校数及び学生数,2019-10-28,201501-201512,学校基本調査 都道府県別 高等専門学校 学校数 学生数,3,47,全国 / 北海道 / 青森県 / 岩手県 / 宮城県 / 秋田県 / 山形県 / 福島県 / 茨城県 / 栃木県 / 群馬県 / 埼玉県 / 千葉県 / 東京都 / 神奈川県 / 新潟県 / 富山県 / 石川県 / 福井県 / 山梨県,prefecture_area_found
0003143090,7 都道府県別　学校数及び学生数（都道府県別）,2019-10-28,201501-201512,学校基本調査 都道府県別 大学 学校数 学生数,3,47,全国 / 北海道 / 青森県 / 岩手県 / 宮城県 / 秋田県 / 山形県 / 福島県 / 茨城県 / 栃木県 / 群馬県 / 埼玉県 / 千葉県 / 東京都 / 神奈川県 / 新潟県 / 富山県 / 石川県 / 福井県 / 山梨県,prefecture_area_found
0003143426,36 都道府県別　学校数及び学生数（都道府県別）,2019-10-28,201501-201512,学校基本調査 都道府県別 大学 学校数 学生数,3,47,全国 / 北海道 / 青森県 / 岩手県 / 宮城県 / 秋田県 / 山形県 / 福島県 / 茨城県 / 栃木県 / 群馬県 / 埼玉県 / 千葉県 / 東京都 / 神奈川県 / 新潟県 / 富山県 / 石川県 / 福井県 / 山梨県,prefecture_area_found
0003110448,22 都道府県別　児童数別　学校数,2019-10-28,201401-201412,学校基本調査 都道府県別 小学校 学校数 児童数,3,47,北海道 / 青森県 / 岩手県 / 宮城県 / 秋田県 / 山形県 / 福島県 / 茨城県 / 栃木県 / 群馬県 / 埼玉県 / 千葉県 / 東京都 / 神奈川県 / 新潟県 / 富山県 / 石川県 / 福井県 / 山梨県 / 長野県,prefecture_area_found
0003111244,61 都道府県別　生徒数別　学校数,2019-10-28,201401-201412,学校基本調査 都道府県別 高等学校 学校数 生徒数,3,47,北海道 / 青森県 / 岩手県 / 宮城県 / 秋田県 / 山形県 / 福島県 / 茨城県 / 栃木県 / 群馬県 / 埼玉県 / 千葉県 / 東京都 / 神奈川県 / 新潟県 / 富山県 / 石川県 / 福井県 / 山梨県 / 長野県,prefecture_area_found
0003111764,98 都道府県別　全日制のうち単位制による課程及び定時制の修業年限別の学校数、入学状況及び生徒数（定時制）,2019-10-28,201401-201412,学校基本調査 都道府県別 高等学校 学校数 生徒数,3,47,全国 / 北海道 / 青森県 / 岩手県 / 宮城県 / 秋田県 / 山形県 / 福島県 / 茨城県 / 栃木県 / 群馬県 / 埼玉県 / 千葉県 / 東京都 / 神奈川県 / 新潟県 / 富山県 / 石川県 / 福井県 / 山梨県,prefecture_area_found
0003111807,98 都道府県別　全日制のうち単位制による課程及び定時制の修業年限別の学校数、入学状況及び生徒数（全日制）,2019-10-28,201401-201412,学校基本調査 都道府県別 高等学校 学校数 生徒数,3,47,全国 / 北海道 / 青森県 / 岩手県 / 宮城県 / 秋田県 / 山形県 / 福島県 / 茨城県 / 栃木県 / 群馬県 / 埼玉県 / 千葉県 / 東京都 / 神奈川県 / 新潟県 / 富山県 / 石川県 / 福井県 / 山梨県,prefecture_area_found
0003113069,133 都道府県別　全日制課程のうち単位制による課程及び定時制の修業年限別の学校数、入学状況及び生徒数,2019-10-28,201401-201412,学校基本調査 都道府県別 高等学校 学校数 生徒数,3,47,全国 / 北海道 / 青森県 / 岩手県 / 宮城県 / 秋田県 / 山形県 / 福島県 / 茨城県 / 栃木県 / 群馬県 / 埼玉県 / 千葉県 / 東京都 / 神奈川県 / 新潟県 / 富山県 / 石川県 / 福井県 / 山梨県,prefecture_area_found
0003106632,53 都道府県別　学校数及び学生数,2019-10-28,201401-201412,学校基本調査 都道府県別 高等専門学校 学校数 学生数,3,47,全国 / 北海道 / 青森県 / 岩手県 / 宮城県 / 秋田県 / 山形県 / 福島県 / 茨城県 / 栃木県 / 群馬県 / 埼玉県 / 千葉県 / 東京都 / 神奈川県 / 新潟県 / 富山県 / 石川県 / 福井県 / 山梨県,prefecture_area_found
0003106003,7 都道府県別　学校数及び学生数（都道府県別）,2019-10-28,201401-201412,学校基本調査 都道府県別 大学 学校数 学生数,3,47,全国 / 北海道 / 青森県 / 岩手県 / 宮城県 / 秋田県 / 山形県 / 福島県 / 茨城県 / 栃木県 / 群馬県 / 埼玉県 / 千葉県 / 東京都 / 神奈川県 / 新潟県 / 富山県 / 石川県 / 福井県 / 山梨県,prefecture_area_found
0003106544,37 都道府県別　学校数及び学生数（都道府県別）,2019-10-28,201401-201412,学校基本調査 都道府県別 大学 学校数 学生数,3,47,全国 / 北海道 / 青森県 / 岩手県 / 宮城県 / 秋田県 / 山形県 / 福島県 / 茨城県 / 栃木県 / 群馬県 / 埼玉県 / 千葉県 / 東京都 / 神奈川県 / 新潟県 / 富山県 / 石川県 / 福井県 / 山梨県,prefecture_area_found
0003043067,22 都道府県別  児童数別  学校数,2019-10-28,201004-201103,学校基本調査 都道府県別 小学校 学校数 児童数,3,47,北海道 / 青森県 / 岩手県 / 宮城県 / 秋田県 / 山形県 / 福島県 / 茨城県 / 栃木県 / 群馬県 / 埼玉県 / 千葉県 / 東京都 / 神奈川県 / 新潟県 / 富山県 / 石川県 / 福井県 / 山梨県 / 長野県,prefecture_area_found
0003043245,61 都道府県別  生徒数別　学校数,2019-10-28,201004-201103,学校基本調査 都道府県別 高等学校 学校数 生徒数,3,47,北海道 / 青森県 / 岩手県 / 宮城県 / 秋田県 / 山形県 / 福島県 / 茨城県 / 栃木県 / 群馬県 / 埼玉県 / 千葉県 / 東京都 / 神奈川県 / 新潟県 / 富山県 / 石川県 / 福井県 / 山梨県 / 長野県,prefecture_area_found
0003043412,98 都道府県別  全日制のうち単位制による課程及び定時制の修業年限別の学校数、入学状況及び生徒数（全日制）,2019-10-28,201004-201103,学校基本調査 都道府県別 高等学校 学校数 生徒数,3,47,計 / 北海道 / 青森県 / 岩手県 / 宮城県 / 秋田県 / 山形県 / 福島県 / 茨城県 / 栃木県 / 群馬県 / 埼玉県 / 千葉県 / 東京都 / 神奈川県 / 新潟県 / 富山県 / 石川県 / 福井県 / 山梨県,prefecture_area_found
0003043634,133 都道府県別　全日制のうち単位制による課程の学校数、生徒数,2019-10-28,201004-201103,学校基本調査 都道府県別 高等学校 学校数 生徒数,3,47,計 / 北海道 / 青森県 / 岩手県 / 宮城県 / 秋田県 / 山形県 / 福島県 / 茨城県 / 栃木県 / 群馬県 / 埼玉県 / 千葉県 / 東京都 / 神奈川県 / 新潟県 / 富山県 / 石川県 / 福井県 / 山梨県,prefecture_area_found
0003043986,22 都道府県別  児童数別  学校数,2019-10-28,0,学校基本調査 都道府県別 小学校 学校数 児童数,3,47,北海道 / 青森県 / 岩手県 / 宮城県 / 秋田県 / 山形県 / 福島県 / 茨城県 / 栃木県 / 群馬県 / 埼玉県 / 千葉県 / 東京都 / 神奈川県 / 新潟県 / 富山県 / 石川県 / 福井県 / 山梨県 / 長野県,prefecture_area_found
0003077748,22 都道府県別　児童数別　学校数,2019-10-28,0,学校基本調査 都道府県別 小学校 学校数 児童数,3,47,北海道 / 青森県 / 岩手県 / 宮城県 / 秋田県 / 山形県 / 福島県 / 茨城県 / 栃木県 / 群馬県 / 埼玉県 / 千葉県 / 東京都 / 神奈川県 / 新潟県 / 富山県 / 石川県 / 福井県 / 山梨県 / 長野県,prefecture_area_found
0003096791,22 都道府県別　児童数別　学校数,2019-10-28,0,学校基本調査 都道府県別 小学校 学校数 児童数,3,47,北海道 / 青森県 / 岩手県 / 宮城県 / 秋田県 / 山形県 / 福島県 / 茨城県 / 栃木県 / 群馬県 / 埼玉県 / 千葉県 / 東京都 / 神奈川県 / 新潟県 / 富山県 / 石川県 / 福井県 / 山梨県 / 長野県,prefecture_area_found
0003044152,60 都道府県別  生徒数別　学校数,2019-10-28,0,学校基本調査 都道府県別 高等学校 学校数 生徒数,3,47,北海道 / 青森県 / 岩手県 / 宮城県 / 秋田県 / 山形県 / 福島県 / 茨城県 / 栃木県 / 群馬県 / 埼玉県 / 千葉県 / 東京都 / 神奈川県 / 新潟県 / 富山県 / 石川県 / 福井県 / 山梨県 / 長野県,prefecture_area_found
0003035749,61 都道府県別生徒数別学校数,2019-10-28,0,学校基本調査 都道府県別 高等学校 学校数 生徒数,3,47,北海道 / 青森県 / 岩手県 / 宮城県 / 秋田県 / 山形県 / 福島県 / 茨城県 / 栃木県 / 群馬県 / 埼玉県 / 千葉県 / 東京都 / 神奈川県 / 新潟県 / 富山県 / 石川県 / 福井県 / 山梨県 / 長野県,prefecture_area_found
0003077818,61 都道府県別　生徒数別　学校数,2019-10-28,0,学校基本調査 都道府県別 高等学校 学校数 生徒数,3,47,北海道 / 青森県 / 岩手県 / 宮城県 / 秋田県 / 山形県 / 福島県 / 茨城県 / 栃木県 / 群馬県 / 埼玉県 / 千葉県 / 東京都 / 神奈川県 / 新潟県 / 富山県 / 石川県 / 福井県 / 山梨県 / 長野県,prefecture_area_found
0003044257,96 都道府県別　全日制のうち単位制による課程及び定時制の修業年限別の学校数、入学状況及び生徒数（全日制）,2019-10-28,0,学校基本調査 都道府県別 高等学校 学校数 生徒数,3,47,計 / 北海道 / 青森県 / 岩手県 / 宮城県 / 秋田県 / 山形県 / 福島県 / 茨城県 / 栃木県 / 群馬県 / 埼玉県 / 千葉県 / 東京都 / 神奈川県 / 新潟県 / 富山県 / 石川県 / 福井県 / 山梨県,prefecture_area_found
0003083799,98 都道府県別　全日制のうち単位制による課程及び定時制の修業年限別の学校数、入学状況及び生徒数（全日制）,2019-10-28,0,学校基本調査 都道府県別 高等学校 学校数 生徒数,3,47,全国 / 北海道 / 青森県 / 岩手県 / 宮城県 / 秋田県 / 山形県 / 福島県 / 茨城県 / 栃木県 / 群馬県 / 埼玉県 / 千葉県 / 東京都 / 神奈川県 / 新潟県 / 富山県 / 石川県 / 福井県 / 山梨県,prefecture_area_found
0003083817,98 都道府県別　全日制のうち単位制による課程及び定時制の修業年限別の学校数、入学状況及び生徒数（定時制）,2019-10-28,0,学校基本調査 都道府県別 高等学校 学校数 生徒数,3,47,全国 / 北海道 / 青森県 / 岩手県 / 宮城県 / 秋田県 / 山形県 / 福島県 / 茨城県 / 栃木県 / 群馬県 / 埼玉県 / 千葉県 / 東京都 / 神奈川県 / 新潟県 / 富山県 / 石川県 / 福井県 / 山梨県,prefecture_area_found
0003044377,131 都道府県別　全日制のうち単位制による課程の学校数、生徒数,2019-10-28,0,学校基本調査 都道府県別 高等学校 学校数 生徒数,3,47,計 / 北海道 / 青森県 / 岩手県 / 宮城県 / 秋田県 / 山形県 / 福島県 / 茨城県 / 栃木県 / 群馬県 / 埼玉県 / 千葉県 / 東京都 / 神奈川県 / 新潟県 / 富山県 / 石川県 / 福井県 / 山梨県,prefecture_area_found
0003068174,131 都道府県別　全日制課程のうち単位制による課程の修業年限別の学校数、生徒数,2019-10-28,0,学校基本調査 都道府県別 高等学校 学校数 生徒数,3,47,計 / 北海道 / 青森県 / 岩手県 / 宮城県 / 秋田県 / 山形県 / 福島県 / 茨城県 / 栃木県 / 群馬県 / 埼玉県 / 千葉県 / 東京都 / 神奈川県 / 新潟県 / 富山県 / 石川県 / 福井県 / 山梨県,prefecture_area_found
0003083825,133 都道府県別　全日制課程のうち単位制による課程及び定時制の修業年限別の学校数、入学状況及び生徒数,2019-10-28,0,学校基本調査 都道府県別 高等学校 学校数 生徒数,3,47,全国 / 北海道 / 青森県 / 岩手県 / 宮城県 / 秋田県 / 山形県 / 福島県 / 茨城県 / 栃木県 / 群馬県 / 埼玉県 / 千葉県 / 東京都 / 神奈川県 / 新潟県 / 富山県 / 石川県 / 福井県 / 山梨県,prefecture_area_found
0003035790,98 都道府県別全日制のうち単位制による課程及び定時制の修業年限別の学校数、入学状況及び生徒数（全日制）,2019-10-28,0,学校基本調査 都道府県別 高等学校 学校数 生徒数,3,47,計 / 北海道 / 青森県 / 岩手県 / 宮城県 / 秋田県 / 山形県 / 福島県 / 茨城県 / 栃木県 / 群馬県 / 埼玉県 / 千葉県 / 東京都 / 神奈川県 / 新潟県 / 富山県 / 石川県 / 福井県 / 山梨県,prefecture_area_found
0003074072,都道府県別　学校数及び学生数,2019-10-28,0,学校基本調査 都道府県別 高等専門学校 学校数 学生数,3,47,全国 / 北海道 / 青森県 / 岩手県 / 宮城県 / 秋田県 / 山形県 / 福島県 / 茨城県 / 栃木県 / 群馬県 / 埼玉県 / 千葉県 / 東京都 / 神奈川県 / 新潟県 / 富山県 / 石川県 / 福井県 / 山梨県,prefecture_area_found
0003066279,都道府県別　学校数及び学生数（都道府県別）,2019-10-28,0,学校基本調査 都道府県別 大学 学校数 学生数,3,47,全国 / 北海道 / 青森県 / 岩手県 / 宮城県 / 秋田県 / 山形県 / 福島県 / 茨城県 / 栃木県 / 群馬県 / 埼玉県 / 千葉県 / 東京都 / 神奈川県 / 新潟県 / 富山県 / 石川県 / 福井県 / 山梨県,prefecture_area_found
0003073927,都道府県別　学校数及び学生数（都道府県別）,2019-10-28,0,学校基本調査 都道府県別 大学 学校数 学生数,3,47,全国 / 北海道 / 青森県 / 岩手県 / 宮城県 / 秋田県 / 山形県 / 福島県 / 茨城県 / 栃木県 / 群馬県 / 埼玉県 / 千葉県 / 東京都 / 神奈川県 / 新潟県 / 富山県 / 石川県 / 福井県 / 山梨県,prefecture_area_found
0003043413,98 都道府県別  全日制のうち単位制による課程及び定時制の修業年限別の学校数、入学状況及び生徒数（定時制）,2014-03-18,201004-201103,学校基本調査 都道府県別 高等学校 学校数 生徒数,3,47,計 / 北海道 / 青森県 / 岩手県 / 宮城県 / 秋田県 / 山形県 / 福島県 / 茨城県 / 栃木県 / 群馬県 / 埼玉県 / 千葉県 / 東京都 / 神奈川県 / 新潟県 / 富山県 / 石川県 / 福井県 / 山梨県,prefecture_area_found
0003044258,96 都道府県別　全日制のうち単位制による課程及び定時制の修業年限別の学校数、入学状況及び生徒数（定時制）,2014-03-18,0,学校基本調査 都道府県別 高等学校 学校数 生徒数,3,47,計 / 北海道 / 青森県 / 岩手県 / 宮城県 / 秋田県 / 山形県 / 福島県 / 茨城県 / 栃木県 / 群馬県 / 埼玉県 / 千葉県 / 東京都 / 神奈川県 / 新潟県 / 富山県 / 石川県 / 福井県 / 山梨県,prefecture_area_found
0003035791,98 都道府県別全日制のうち単位制による課程及び定時制の修業年限別の学校数、入学状況及び生徒数（定時制）,2014-03-18,0,学校基本調査 都道府県別 高等学校 学校数 生徒数,3,47,計 / 北海道 / 青森県 / 岩手県 / 宮城県 / 秋田県 / 山形県 / 福島県 / 茨城県 / 栃木県 / 群馬県 / 埼玉県 / 千葉県 / 東京都 / 神奈川県 / 新潟県 / 富山県 / 石川県 / 福井県 / 山梨県,prefecture_area_found
0003050824,56 都道府県別　学校数及び学生数,2012-02-14,200701-200712,学校基本調査 都道府県別 高等専門学校 学校数 学生数,3,47,全国 / 北海道 / 青森県 / 岩手県 / 宮城県 / 秋田県 / 山形県 / 福島県 / 茨城県 / 栃木県 / 群馬県 / 埼玉県 / 千葉県 / 東京都 / 神奈川県 / 新潟県 / 富山県 / 石川県 / 福井県 / 山梨県,prefecture_area_found
0003050772,40 都道府県別　学校数及び学生数（都道府県別）,2012-02-10,200701-200712,学校基本調査 都道府県別 大学 学校数 学生数,3,47,全国 / 北海道 / 青森県 / 岩手県 / 宮城県 / 秋田県 / 山形県 / 福島県 / 茨城県 / 栃木県 / 群馬県 / 埼玉県 / 千葉県 / 東京都 / 神奈川県 / 新潟県 / 富山県 / 石川県 / 福井県 / 山梨県,prefecture_area_found
0003018466,82 全日制のうち単位制による課程及び定時制の修業年限別の学校数、入学状況及び生徒数（全日制）（都道府県別）,2011-03-22,0,学校基本調査 都道府県別 高等学校 学校数 生徒数,3,47,全国 / 北海道 / 青森県 / 岩手県 / 宮城県 / 秋田県 / 山形県 / 福島県 / 茨城県 / 栃木県 / 群馬県 / 埼玉県 / 千葉県 / 東京都 / 神奈川県 / 新潟県 / 富山県 / 石川県 / 福井県 / 山梨県,prefecture_area_found
0003020403,82 全日制のうち単位制による課程及び定時制の修業年限別の学校数、入学状況及び生徒数（定時制）（都道府県別）,2011-03-22,0,学校基本調査 都道府県別 高等学校 学校数 生徒数,3,47,全国 / 北海道 / 青森県 / 岩手県 / 宮城県 / 秋田県 / 山形県 / 福島県 / 茨城県 / 栃木県 / 群馬県 / 埼玉県 / 千葉県 / 東京都 / 神奈川県 / 新潟県 / 富山県 / 石川県 / 福井県 / 山梨県,prefecture_area_found
0003020817,82 全日制のうち単位制による課程及び定時制の修業年限別の学校数、入学状況及び生徒数（全日制）（都道府県別）,2011-03-22,0,学校基本調査 都道府県別 高等学校 学校数 生徒数,3,47,全国 / 北海道 / 青森県 / 岩手県 / 宮城県 / 秋田県 / 山形県 / 福島県 / 茨城県 / 栃木県 / 群馬県 / 埼玉県 / 千葉県 / 東京都 / 神奈川県 / 新潟県 / 富山県 / 石川県 / 福井県 / 山梨県,prefecture_area_found
0003020818,82 全日制のうち単位制による課程及び定時制の修業年限別の学校数、入学状況及び生徒数（定時制）（都道府県別）,2011-03-22,0,学校基本調査 都道府県別 高等学校 学校数 生徒数,3,47,全国 / 北海道 / 青森県 / 岩手県 / 宮城県 / 秋田県 / 山形県 / 福島県 / 茨城県 / 栃木県 / 群馬県 / 埼玉県 / 千葉県 / 東京都 / 神奈川県 / 新潟県 / 富山県 / 石川県 / 福井県 / 山梨県,prefecture_area_found
0003023024,56 都道府県別　学校数及び学生数,2011-03-22,0,学校基本調査 都道府県別 高等専門学校 学校数 学生数,3,47,全国 / 北海道 / 青森県 / 岩手県 / 宮城県 / 秋田県 / 山形県 / 福島県 / 茨城県 / 栃木県 / 群馬県 / 埼玉県 / 千葉県 / 東京都 / 神奈川県 / 新潟県 / 富山県 / 石川県 / 福井県 / 山梨県,prefecture_area_found
0003023962,56 都道府県別　学校数及び学生数,2011-03-22,0,学校基本調査 都道府県別 高等専門学校 学校数 学生数,3,47,全国 / 北海道 / 青森県 / 岩手県 / 宮城県 / 秋田県 / 山形県 / 福島県 / 茨城県 / 栃木県 / 群馬県 / 埼玉県 / 千葉県 / 東京都 / 神奈川県 / 新潟県 / 富山県 / 石川県 / 福井県 / 山梨県,prefecture_area_found
0003022920,7 都道府県別　学校数及び学生数（都道府県別）,2011-03-22,0,学校基本調査 都道府県別 大学 学校数 学生数,3,47,全国 / 北海道 / 青森県 / 岩手県 / 宮城県 / 秋田県 / 山形県 / 福島県 / 茨城県 / 栃木県 / 群馬県 / 埼玉県 / 千葉県 / 東京都 / 神奈川県 / 新潟県 / 富山県 / 石川県 / 福井県 / 山梨県,prefecture_area_found
0003023858,7 都道府県別　学校数及び学生数（都道府県別）,2011-03-22,0,学校基本調査 都道府県別 大学 学校数 学生数,3,47,全国 / 北海道 / 青森県 / 岩手県 / 宮城県 / 秋田県 / 山形県 / 福島県 / 茨城県 / 栃木県 / 群馬県 / 埼玉県 / 千葉県 / 東京都 / 神奈川県 / 新潟県 / 富山県 / 石川県 / 福井県 / 山梨県,prefecture_area_found
0003023002,40 都道府県別　学校数及び学生数（都道府県別）,2011-03-22,0,学校基本調査 都道府県別 大学 学校数 学生数,3,47,全国 / 北海道 / 青森県 / 岩手県 / 宮城県 / 秋田県 / 山形県 / 福島県 / 茨城県 / 栃木県 / 群馬県 / 埼玉県 / 千葉県 / 東京都 / 神奈川県 / 新潟県 / 富山県 / 石川県 / 福井県 / 山梨県,prefecture_area_found
0003023940,40 都道府県別　学校数及び学生数（都道府県別）,2011-03-22,0,学校基本調査 都道府県別 大学 学校数 学生数,3,47,全国 / 北海道 / 青森県 / 岩手県 / 宮城県 / 秋田県 / 山形県 / 福島県 / 茨城県 / 栃木県 / 群馬県 / 埼玉県 / 千葉県 / 東京都 / 神奈川県 / 新潟県 / 富山県 / 石川県 / 福井県 / 山梨県,prefecture_area_found
0003017652,112 修業年限別通信制を置く学校数、入学状況及び生徒数 公立の内訳,2010-12-20,0,学校基本調査 都道府県別 高等学校 学校数 生徒数,2,47,北海道 / 青森県 / 岩手県 / 宮城県 / 秋田県 / 山形県 / 福島県 / 茨城県 / 栃木県 / 群馬県 / 埼玉県 / 千葉県 / 東京都 / 神奈川県 / 新潟県 / 富山県 / 石川県 / 福井県 / 山梨県 / 長野県,prefecture_area_found
0003182840,174 後期課程の全日制のうち単位制による課程及び定時制の修業年限別の学校数及び生徒数,2023-10-25,201601-201612,学校基本調査 都道府県別 高等学校 学校数 生徒数,2,47,全国 / 北海道 / 青森県 / 岩手県 / 宮城県 / 秋田県 / 山形県 / 福島県 / 茨城県 / 栃木県 / 群馬県 / 埼玉県 / 千葉県 / 東京都 / 神奈川県 / 新潟県 / 富山県 / 石川県 / 福井県 / 山梨県,prefecture_area_found
0003142658,145 後期課程の全日制のうち単位制による課程及び定時制の修業年限別の学校数及び生徒数,2023-10-25,201501-201512,学校基本調査 都道府県別 高等学校 学校数 生徒数,2,47,全国 / 北海道 / 青森県 / 岩手県 / 宮城県 / 秋田県 / 山形県 / 福島県 / 茨城県 / 栃木県 / 群馬県 / 埼玉県 / 千葉県 / 東京都 / 神奈川県 / 新潟県 / 富山県 / 石川県 / 福井県 / 山梨県,prefecture_area_found
0003104744,127 後期課程の全日制のうち単位制による課程及び定時制の修業年限別の学校数及び生徒数,2023-10-25,201401-201412,学校基本調査 都道府県別 高等学校 学校数 生徒数,2,47,全国 / 北海道 / 青森県 / 岩手県 / 宮城県 / 秋田県 / 山形県 / 福島県 / 茨城県 / 栃木県 / 群馬県 / 埼玉県 / 千葉県 / 東京都 / 神奈川県 / 新潟県 / 富山県 / 石川県 / 福井県 / 山梨県,prefecture_area_found
0003046723,107 後期課程の全日制のうち単位制による課程及び定時制の修業年限別学校数及び生徒数（全日制）,2023-10-25,200704-200803,学校基本調査 都道府県別 高等学校 学校数 生徒数,2,47,全国 / 北海道 / 青森県 / 岩手県 / 宮城県 / 秋田県 / 山形県 / 福島県 / 茨城県 / 栃木県 / 群馬県 / 埼玉県 / 千葉県 / 東京都 / 神奈川県 / 新潟県 / 富山県 / 石川県 / 福井県 / 山梨県,prefecture_area_found
0003046724,107 後期課程の全日制のうち単位制による課程及び定時制の修業年限別学校数及び生徒数（定時制）,2023-10-25,200704-200803,学校基本調査 都道府県別 高等学校 学校数 生徒数,2,47,全国 / 北海道 / 青森県 / 岩手県 / 宮城県 / 秋田県 / 山形県 / 福島県 / 茨城県 / 栃木県 / 群馬県 / 埼玉県 / 千葉県 / 東京都 / 神奈川県 / 新潟県 / 富山県 / 石川県 / 福井県 / 山梨県,prefecture_area_found
0003013861,126 後期課程の全日制のうち単位制による課程及び定時制の修業年限別の学校数及び生徒数 修業年限3年 学校数,2023-10-25,0,学校基本調査 都道府県別 高等学校 学校数 生徒数,2,47,全国 / 北海道 / 青森県 / 岩手県 / 宮城県 / 秋田県 / 山形県 / 福島県 / 茨城県 / 栃木県 / 群馬県 / 埼玉県 / 千葉県 / 東京都 / 神奈川県 / 新潟県 / 富山県 / 石川県 / 福井県 / 山梨県,prefecture_area_found
0003013862,126 後期課程の全日制のうち単位制による課程及び定時制の修業年限別の学校数及び生徒数 修業年限3年 生徒数,2023-10-25,0,学校基本調査 都道府県別 高等学校 学校数 生徒数,2,47,全国 / 北海道 / 青森県 / 岩手県 / 宮城県 / 秋田県 / 山形県 / 福島県 / 茨城県 / 栃木県 / 群馬県 / 埼玉県 / 千葉県 / 東京都 / 神奈川県 / 新潟県 / 富山県 / 石川県 / 福井県 / 山梨県,prefecture_area_found
0003013863,126 後期課程の全日制のうち単位制による課程及び定時制の修業年限別の学校数及び生徒数 修業年限4年 学校数,2023-10-25,0,学校基本調査 都道府県別 高等学校 学校数 生徒数,2,47,全国 / 北海道 / 青森県 / 岩手県 / 宮城県 / 秋田県 / 山形県 / 福島県 / 茨城県 / 栃木県 / 群馬県 / 埼玉県 / 千葉県 / 東京都 / 神奈川県 / 新潟県 / 富山県 / 石川県 / 福井県 / 山梨県,prefecture_area_found
0003013864,126 後期課程の全日制のうち単位制による課程及び定時制の修業年限別の学校数及び生徒数 修業年限4年 生徒数,2023-10-25,0,学校基本調査 都道府県別 高等学校 学校数 生徒数,2,47,全国 / 北海道 / 青森県 / 岩手県 / 宮城県 / 秋田県 / 山形県 / 福島県 / 茨城県 / 栃木県 / 群馬県 / 埼玉県 / 千葉県 / 東京都 / 神奈川県 / 新潟県 / 富山県 / 石川県 / 福井県 / 山梨県,prefecture_area_found
0003065705,後期課程の全日制のうち単位制による課程及び定時制の修業年限別の学校数及び生徒数,2023-10-25,0,学校基本調査 都道府県別 高等学校 学校数 生徒数,2,47,全国 / 北海道 / 青森県 / 岩手県 / 宮城県 / 秋田県 / 山形県 / 福島県 / 茨城県 / 栃木県 / 群馬県 / 埼玉県 / 千葉県 / 東京都 / 神奈川県 / 新潟県 / 富山県 / 石川県 / 福井県 / 山梨県,prefecture_area_found
0003180813,131 全日制のうち単位制による課程及び定時制の修業年限別の学校数、入学状況及び生徒数（全日制）,2019-10-28,201601-201612,学校基本調査 都道府県別 高等学校 学校数 生徒数,2,47,全国 / 北海道 / 青森県 / 岩手県 / 宮城県 / 秋田県 / 山形県 / 福島県 / 茨城県 / 栃木県 / 群馬県 / 埼玉県 / 千葉県 / 東京都 / 神奈川県 / 新潟県 / 富山県 / 石川県 / 福井県 / 山梨県,prefecture_area_found
0003180941,131 全日制のうち単位制による課程及び定時制の修業年限別の学校数、入学状況及び生徒数（定時制）,2019-10-28,201601-201612,学校基本調査 都道府県別 高等学校 学校数 生徒数,2,47,全国 / 北海道 / 青森県 / 岩手県 / 宮城県 / 秋田県 / 山形県 / 福島県 / 茨城県 / 栃木県 / 群馬県 / 埼玉県 / 千葉県 / 東京都 / 神奈川県 / 新潟県 / 富山県 / 石川県 / 福井県 / 山梨県,prefecture_area_found
0003142235,101 全日制のうち単位制による課程及び定時制の修業年限別の学校数、入学状況及び生徒数（定時制）,2019-10-28,201501-201512,学校基本調査 都道府県別 高等学校 学校数 生徒数,2,47,全国 / 北海道 / 青森県 / 岩手県 / 宮城県 / 秋田県 / 山形県 / 福島県 / 茨城県 / 栃木県 / 群馬県 / 埼玉県 / 千葉県 / 東京都 / 神奈川県 / 新潟県 / 富山県 / 石川県 / 福井県 / 山梨県,prefecture_area_found
0003142254,101 全日制のうち単位制による課程及び定時制の修業年限別の学校数、入学状況及び生徒数（全日制）,2019-10-28,201501-201512,学校基本調査 都道府県別 高等学校 学校数 生徒数,2,47,全国 / 北海道 / 青森県 / 岩手県 / 宮城県 / 秋田県 / 山形県 / 福島県 / 茨城県 / 栃木県 / 群馬県 / 埼玉県 / 千葉県 / 東京都 / 神奈川県 / 新潟県 / 富山県 / 石川県 / 福井県 / 山梨県,prefecture_area_found
0003104452,83 全日制のうち単位制による課程及び定時制の修業年限別の学校数、入学状況及び生徒数（定時制）,2019-10-28,201401-201412,学校基本調査 都道府県別 高等学校 学校数 生徒数,2,47,全国 / 北海道 / 青森県 / 岩手県 / 宮城県 / 秋田県 / 山形県 / 福島県 / 茨城県 / 栃木県 / 群馬県 / 埼玉県 / 千葉県 / 東京都 / 神奈川県 / 新潟県 / 富山県 / 石川県 / 福井県 / 山梨県,prefecture_area_found
0003104472,83 全日制のうち単位制による課程及び定時制の修業年限別の学校数、入学状況及び生徒数（全日制）,2019-10-28,201401-201412,学校基本調査 都道府県別 高等学校 学校数 生徒数,2,47,全国 / 北海道 / 青森県 / 岩手県 / 宮城県 / 秋田県 / 山形県 / 福島県 / 茨城県 / 栃木県 / 群馬県 / 埼玉県 / 千葉県 / 東京都 / 神奈川県 / 新潟県 / 富山県 / 石川県 / 福井県 / 山梨県,prefecture_area_found
0003046364,63 全日制のうち単位制による課程及び定時制の修業年限別の学校数、入学状況及び生徒数（全日制）,2019-10-28,200704-200803,学校基本調査 都道府県別 高等学校 学校数 生徒数,2,47,全国 / 北海道 / 青森県 / 岩手県 / 宮城県 / 秋田県 / 山形県 / 福島県 / 茨城県 / 栃木県 / 群馬県 / 埼玉県 / 千葉県 / 東京都 / 神奈川県 / 新潟県 / 富山県 / 石川県 / 福井県 / 山梨県,prefecture_area_found
0003046365,63 全日制のうち単位制による課程及び定時制の修業年限別の学校数、入学状況及び生徒数（定時制）,2019-10-28,200704-200803,学校基本調査 都道府県別 高等学校 学校数 生徒数,2,47,全国 / 北海道 / 青森県 / 岩手県 / 宮城県 / 秋田県 / 山形県 / 福島県 / 茨城県 / 栃木県 / 群馬県 / 埼玉県 / 千葉県 / 東京都 / 神奈川県 / 新潟県 / 富山県 / 石川県 / 福井県 / 山梨県,prefecture_area_found
0003058810,63 全日制のうち単位制による課程及び定時制の修業年限別の学校数、入学状況及び生徒数（全日制）,2019-10-28,200604-200703,学校基本調査 都道府県別 高等学校 学校数 生徒数,2,47,全国 / 北海道 / 青森県 / 岩手県 / 宮城県 / 秋田県 / 山形県 / 福島県 / 茨城県 / 栃木県 / 群馬県 / 埼玉県 / 千葉県 / 東京都 / 神奈川県 / 新潟県 / 富山県 / 石川県 / 福井県 / 山梨県,prefecture_area_found
0003058811,63 全日制のうち単位制による課程及び定時制の修業年限別の学校数、入学状況及び生徒数（定時制）,2019-10-28,200604-200703,学校基本調査 都道府県別 高等学校 学校数 生徒数,2,47,全国 / 北海道 / 青森県 / 岩手県 / 宮城県 / 秋田県 / 山形県 / 福島県 / 茨城県 / 栃木県 / 群馬県 / 埼玉県 / 千葉県 / 東京都 / 神奈川県 / 新潟県 / 富山県 / 石川県 / 福井県 / 山梨県,prefecture_area_found
0003065583,全日制のうち単位制による課程及び定時制の修業年限別の学校数、入学状況及び生徒数（全日制）,2019-10-28,0,学校基本調査 都道府県別 高等学校 学校数 生徒数,2,47,全国 / 北海道 / 青森県 / 岩手県 / 宮城県 / 秋田県 / 山形県 / 福島県 / 茨城県 / 栃木県 / 群馬県 / 埼玉県 / 千葉県 / 東京都 / 神奈川県 / 新潟県 / 富山県 / 石川県 / 福井県 / 山梨県,prefecture_area_found
0003065584,全日制のうち単位制による課程及び定時制の修業年限別の学校数、入学状況及び生徒数（定時制）,2019-10-28,0,学校基本調査 都道府県別 高等学校 学校数 生徒数,2,47,全国 / 北海道 / 青森県 / 岩手県 / 宮城県 / 秋田県 / 山形県 / 福島県 / 茨城県 / 栃木県 / 群馬県 / 埼玉県 / 千葉県 / 東京都 / 神奈川県 / 新潟県 / 富山県 / 石川県 / 福井県 / 山梨県,prefecture_area_found
0003018749,126 後期課程の全日制のうち単位制による課程及び定時制の修業年限別の学校数及び生徒数,2011-03-22,0,学校基本調査 都道府県別 高等学校 学校数 生徒数,2,47,全国 / 北海道 / 青森県 / 岩手県 / 宮城県 / 秋田県 / 山形県 / 福島県 / 茨城県 / 栃木県 / 群馬県 / 埼玉県 / 千葉県 / 東京都 / 神奈川県 / 新潟県 / 富山県 / 石川県 / 福井県 / 山梨県,prefecture_area_found
0003020893,126 後期課程の全日制のうち単位制による課程及び定時制の修業年限別の学校数及び生徒数,2011-03-22,0,学校基本調査 都道府県別 高等学校 学校数 生徒数,2,47,全国 / 北海道 / 青森県 / 岩手県 / 宮城県 / 秋田県 / 山形県 / 福島県 / 茨城県 / 栃木県 / 群馬県 / 埼玉県 / 千葉県 / 東京都 / 神奈川県 / 新潟県 / 富山県 / 石川県 / 福井県 / 山梨県,prefecture_area_found
0003013850,82 全日制のうち単位制による課程及び定時制の修業年限別の学校数、入学状況及び生徒数 修業年限3年 学校数,2010-12-27,0,学校基本調査 都道府県別 高等学校 学校数 生徒数,2,47,全国 / 北海道 / 青森県 / 岩手県 / 宮城県 / 秋田県 / 山形県 / 福島県 / 茨城県 / 栃木県 / 群馬県 / 埼玉県 / 千葉県 / 東京都 / 神奈川県 / 新潟県 / 富山県 / 石川県 / 福井県 / 山梨県,prefecture_area_found
0003013851,82 全日制のうち単位制による課程及び定時制の修業年限別の学校数、入学状況及び生徒数 修業年限3年 入学状況及び生徒数,2010-12-27,0,学校基本調査 都道府県別 高等学校 学校数 生徒数,2,47,全国 / 北海道 / 青森県 / 岩手県 / 宮城県 / 秋田県 / 山形県 / 福島県 / 茨城県 / 栃木県 / 群馬県 / 埼玉県 / 千葉県 / 東京都 / 神奈川県 / 新潟県 / 富山県 / 石川県 / 福井県 / 山梨県,prefecture_area_found
0003013854,82 全日制のうち単位制による課程及び定時制の修業年限別の学校数、入学状況及び生徒数 修業年限4年 学校数,2010-12-27,0,学校基本調査 都道府県別 高等学校 学校数 生徒数,2,47,全国 / 北海道 / 青森県 / 岩手県 / 宮城県 / 秋田県 / 山形県 / 福島県 / 茨城県 / 栃木県 / 群馬県 / 埼玉県 / 千葉県 / 東京都 / 神奈川県 / 新潟県 / 富山県 / 石川県 / 福井県 / 山梨県,prefecture_area_found
0003013855,82 全日制のうち単位制による課程及び定時制の修業年限別の学校数、入学状況及び生徒数 修業年限4年 入学状況及び生徒数,2010-12-27,0,学校基本調査 都道府県別 高等学校 学校数 生徒数,2,47,全国 / 北海道 / 青森県 / 岩手県 / 宮城県 / 秋田県 / 山形県 / 福島県 / 茨城県 / 栃木県 / 群馬県 / 埼玉県 / 千葉県 / 東京都 / 神奈川県 / 新潟県 / 富山県 / 石川県 / 福井県 / 山梨県,prefecture_area_found
